scenario,sample_size,method_label,noise_sigma,metric_mean,metric_se,n_rep
power,30,DINOV2 + GAUSS5,0.0,0.0534,0.0039446165846632,10
power,60,DINOV2 + GAUSS5,0.0,0.2506,0.0066469709057752,10
power,90,DINOV2 + GAUSS5,0.0,0.5926,0.0079891593216474,10
power,120,DINOV2 + GAUSS5,0.0,0.89,0.0046761807778,10
power,150,DINOV2 + GAUSS5,0.0,0.9904,0.0016275407487645,10
type1,60,DINOV2 + GAUSS5,0.0,0.0038,0.0004666666666666,10
type1,120,DINOV2 + GAUSS5,0.0,0.0034,0.0006,10
